Workbook
Name mydata: 'Cleaned data'!$A$1:$Z$1201
Name Slicer_Adopter_Type: #N/A
Name Slicer_City: #N/A
Name Slicer_Color: #N/A
Name Slicer_Health_Status: #N/A
Name Slicer_Payment_Method: #N/A
Name Slicer_Species: #N/A

Sheet Raw data
A1: Animal_ID | B1: Shelter_Name | C1: City | D1: Species | E1: Breed | F1: Color | G1: Gender | H1: Age_Years | I1: Weight_KG | J1: Health_Status | K1: Intake_Date | L1: Intake_Reason | M1: Outcome_Date | N1: Outcome_Type | O1: Days_In_Shelter | P1: Adopter_Type | Q1: Adoption_Fee_PKR | R1: Donation_Amount_PKR | S1: Payment_Method | T1: Source_of_Inquiry | U1: Vaccinated | V1: Neutered_Spayed | W1: Microchipped | X1: Year | Y1: Month | Z1: Quarter
A2: A0001 | B2: Paws & Claws Rescue | C2: Lahore | D2: Cat | E2: Persian | F2: Spotted | G2: Female | H2: 8.9 | I2: 23.8 | J2: Healthy | K2: 2023-07-18 | L2: Stray | M2: 2023-09-19 | N2: Returned to Owner | O2: 63 | Q2: 0 | R2: 0 | T2: Walk-in | U2: Yes | V2: Yes | W2: Yes | X2: 2023 | Y2: July | Z2: Q3
A3: A0002 | B3: Second Chance Rescue | C3: Faisalabad | D3: Cat | E3: Siamese | F3: Black & White | G3: Female | H3: 9.7 | I3: 0.7 | J3: Healthy | K3: 2024-05-09 | L3: Owner Surrender | M3: 2024-07-05 | N3: Fostered | O3: 57 | Q3: 0 | R3: 500 | T3: Social Media | U3: Yes | V3: Yes | W3: No | X3: 2024 | Y3: May | Z3: Q2
A4: A0003 | B4: Paws & Claws Rescue | C4: Lahore | D4: Cat | E4: Bengal | F4: Tan | G4: Male | H4: 9.7 | I4: 25.7 | J4: Vaccinated | K4: 2023-12-06 | L4: Abandoned | M4: 2024-05-09 | N4: Transferred | O4: 155 | Q4: 0 | R4: 0 | T4: Event | U4: Yes | V4: No | W4: No | X4: 2023 | Y4: December | Z4: Q4
A5: A0004 | B5: Hope Animal Shelter | C5: Multan | D5: Cat | E5: Persian | F5: Brown | G5: Female | H5: 1.3 | I5: 10.1 | J5: Healthy | K5: 2023-04-12 | L5: Owner Surrender | M5: 2023-06-26 | N5: Adopted | O5: 75 | P5: Senior | Q5: 2453 | R5: 5000 | S5: Cash | T5: Event | U5: Yes | V5: No | W5: No | X5: 2023 | Y5: April | Z5: Q2
A6: A0005 | B6: Second Chance Rescue | C6: Islamabad | D6: Dog | E6: Husky | F6: Black & White | G6: Female | H6: 10.1 | I6: 27.3 | J6: Healthy | K6: 2024-02-17 | L6: Stray | M6: 2024-04-27 | N6: Returned to Owner | O6: 70 | Q6: 0 | R6: 500 | T6: Website | U6: Yes | V6: Yes | W6: No | X6: 2024 | Y6: February | Z6: Q1
A7: A0006 | B7: Paws & Claws Rescue | C7: Faisalabad | D7: Bird | E7: Lovebird | F7: Spotted | G7: Female | H7: 6.8 | I7: 9.6 | J7: Healthy | K7: 2022-10-20 | L7: Owner Surrender | M7: 2022-12-27 | N7: Adopted | O7: 68 | P7: Family | Q7: 1510 | R7: 2000 | S7: Bank Deposit | T7: Walk-in | U7: Yes | V7: Yes | W7: No | X7: 2022 | Y7: October | Z7: Q4
A8: A0007 | B8: City Animal Shelter | C8: Islamabad | D8: Dog | E8: Mixed Breed | F8: White | G8: Female | H8: 7.2 | I8: 16.6 | J8: Recovering | K8: 2022-05-11 | L8: Confiscated | M8: 2022-08-18 | N8: Still in Shelter | O8: 99 | Q8: 0 | R8: 0 | T8: Social Media | U8: Yes | V8: No | W8: No | X8: 2022 | Y8: May | Z8: Q2
A9: A0008 | B9: Hope Animal Shelter | C9: Peshawar | D9: Dog | E9: Husky | F9: Brown | G9: Female | H9: 10.5 | I9: 10.8 | J9: Recovering | K9: 2022-01-07 | L9: Owner Surrender | M9: 2022-03-16 | N9: Adopted | O9: 68 | P9: Couple | Q9: 7158 | R9: 0 | S9: Cash | T9: Event | U9: Yes | V9: No | W9: Yes | X9: 2022 | Y9: January | Z9: Q1
A10: A0009 | B10: Furever Home | C10: Lahore | D10: Cat | E10: Bengal | F10: Cream | G10: Male | H10: 11.4 | I10: 3.5 | J10: Healthy | K10: 2023-09-22 | L10: Confiscated | M10: 2023-11-23 | N10: Adopted | O10: 62 | P10: Single Adult | Q10: 2486 | R10: 1000 | S10: Card | T10: Social Media | U10: No | V10: Yes | W10: No | X10: 2023 | Y10: September | Z10: Q3
A11: A0010 | B11: Happy Paws Shelter | C11: Peshawar | D11: Cat | E11: Domestic Shorthair | F11: Spotted | G11: Male | H11: 3.1 | I11: 2.7 | J11: Healthy | K11: 2024-02-04 | L11: Stray | M11: 2024-05-27 | N11: Fostered | O11: 113 | Q11: 0 | R11: 0 | T11: Walk-in | U11: Yes | V11: Yes | W11: Yes | X11: 2024 | Y11: February | Z11: Q1
A12: A0011 | B12: Second Chance Rescue | C12: Rawalpindi | D12: Rabbit | E12: Holland Lop | F12: Golden | G12: Female | H12: 8.1 | I12: 7.9 | J12: Recovering | K12: 2024-11-18 | L12: Transfer from Another Shelter | M12: 2024-12-31 | N12: Transferred | O12: 61 | Q12: 0 | R12: 0 | T12: Website | U12: Yes | V12: Yes | W12: No | X12: 2024 | Y12: November | Z12: Q4
A13: A0012 | B13: Happy Paws Shelter | C13: Peshawar | D13: Rabbit | E13: Dutch | F13: Golden | G13: Male | H13: 4.9 | I13: 12.2 | J13: Vaccinated | K13: 2024-04-21 | L13: Transfer from Another Shelter | M13: 2024-08-19 | N13: Adopted | O13: 120 | P13: Family | Q13: 903 | R13: 0 | S13: Bank Deposit | T13: Website | U13: Yes | V13: No | W13: No | X13: 2024 | Y13: April | Z13: Q2
A14: A0013 | B14: Furever Home | C14: Rawalpindi | D14: Cat | E14: Domestic Shorthair | F14: Golden | G14: Female | H14: 10.2 | I14: 6.2 | J14: Healthy | K14: 2022-07-20 | L14: Owner Surrender | M14: 2022-08-02 | N14: Adopted | O14: 13 | P14: Single Adult | Q14: 1882 | R14: 5000 | S14: Cash | T14: Referral | U14: Yes | V14: No | W14: No | X14: 2022 | Y14: July | Z14: Q3
A15: A0014 | B15: Hope Animal Shelter | C15: Islamabad | D15: Bird | E15: Finch | F15: Black & White | G15: Male | H15: 2.7 | I15: 2.5 | J15: Healthy | K15: 2024-09-23 | L15: Born in Shelter | M15: 2024-11-02 | N15: Returned to Owner | O15: 40 | Q15: 0 | R15: 500 | T15: Referral | U15: Yes | V15: Yes | W15: Yes | X15: 2024 | Y15: September | Z15: Q3
A16: A0015 | B16: Second Chance Rescue | C16: Islamabad | D16: Dog | E16: German Shepherd | F16: Spotted | G16: Male | H16: 1.5 | I16: 31.2 | J16: Minor Treatment Needed | K16: 2022-05-20 | L16: Confiscated | M16: 2022-11-09 | N16: Returned to Owner | O16: 173 | Q16: 0 | R16: 1000 | T16: Event | U16: Yes | V16: No | W16: No | X16: 2022 | Y16: May | Z16: Q2
A17: A0016 | B17: Happy Paws Shelter | C17: Islamabad | D17: Rabbit | E17: Mini Rex | F17: Orange | G17: Male | H17: 3.9 | I17: 26.4 | J17: Healthy | K17: 2023-06-28 | L17: Born in Shelter | M17: 2023-10-08 | N17: Adopted | O17: 102 | P17: Family | Q17: 1728 | R17: 500 | S17: Online Transfer | T17: Website | U17: Yes | V17: Yes | W17: No | X17: 2023 | Y17: June | Z17: Q2
A18: A0017 | B18: Hope Animal Shelter | C18: Islamabad | D18: Rabbit | E18: Flemish Giant | F18: Cream | G18: Female | H18: 7.4 | I18: 34.6 | J18: Neutered/Spayed | K18: 2022-11-20 | L18: Stray | M18: 2023-03-13 | N18: Transferred | O18: 113 | Q18: 0 | R18: 0 | T18: Website | U18: Yes | V18: Yes | W18: Yes | X18: 2022 | Y18: November | Z18: Q4
A19: A0018 | B19: City Animal Shelter | C19: Rawalpindi | D19: Cat | E19: Siamese | F19: Gray | G19: Male | H19: 2.5 | I19: 22.4 | J19: Healthy | K19: 2023-07-12 | L19: Confiscated | M19: 2023-09-23 | N19: Returned to Owner | O19: 73 | Q19: 0 | R19: 500 | T19: Referral | U19: Yes | V19: Yes | W19: Yes | X19: 2023 | Y19: July | Z19: Q3
A20: A0019 | B20: Hope Animal Shelter | C20: Karachi | D20: Rabbit | E20: Mini Rex | F20: Cream | G20: Male | H20: 6.8 | I20: 4.4 | J20: Recovering | K20: 2023-06-21 | L20: Abandoned | M20: 2023-08-02 | N20: Fostered | O20: 42 | Q20: 0 | R20: 1000 | T20: Event | U20: Yes | V20: No | W20: No | X20: 2023 | Y20: June | Z20: Q2
A21: A0020 | B21: Happy Paws Shelter | C21: Multan | D21: Dog | E21: Bulldog | F21: Cream | G21: Female | H21: 2.6 | I21: 9.1 | J21: Vaccinated | K21: 2024-01-17 | L21: Confiscated | M21: 2024-01-28 | N21: Euthanized | O21: 11 | Q21: 0 | R21: 0 | T21: Website | U21: Yes | V21: Yes | W21: No | X21: 2024 | Y21: January | Z21: Q1
A22: A0021 | B22: Second Chance Rescue | C22: Quetta | D22: Bird | E22: Parakeet | F22: Brown | G22: Male | H22: 9.6 | I22: 30.3 | J22: Minor Treatment Needed | K22: 2023-01-03 | L22: Stray | M22: 2023-03-30 | N22: Still in Shelter | O22: 86 | Q22: 0 | R22: 0 | T22: Referral | U22: Yes | V22: Yes | W22: No | X22: 2023 | Y22: January | Z22: Q1
A23: A0022 | B23: City Animal Shelter | C23: Multan | D23: Rabbit | E23: Flemish Giant | F23: Cream | G23: Female | H23: 4 | I23: 30.3 | J23: Neutered/Spayed | K23: 2023-04-12 | L23: Born in Shelter | M23: 2023-06-09 | N23: Adopted | O23: 58 | P23: Senior | Q23: 1291 | R23: 500 | S23: Cash | T23: Walk-in | U23: Yes | V23: Yes | W23: No | X23: 2023 | Y23: April | Z23: Q2
A24: A0023 | B24: Happy Paws Shelter | C24: Faisalabad | D24: Dog | E24: German Shepherd | F24: Spotted | G24: Male | H24: 5.3 | I24: 34.5 | J24: Healthy | K24: 2024-06-08 | L24: Stray | M24: 2024-09-05 | N24: Euthanized | O24: 89 | Q24: 0 | R24: 0 | T24: Referral | U24: Yes | V24: No | W24: No | X24: 2024 | Y24: June | Z24: Q2
A25: A0024 | B25: Happy Paws Shelter | C25: Quetta | D25: Rabbit | E25: Dutch | F25: Cream | G25: Female | H25: 7.5 | I25: 23.4 | J25: Neutered/Spayed | K25: 2022-05-24 | L25: Transfer from Another Shelter | M25: 2022-11-11 | N25: Euthanized | O25: 171 | Q25: 0 | R25: 0 | T25: Social Media | U25: No | V25: No | W25: No | X25: 2022 | Y25: May | Z25: Q2
A26: A0025 | B26: Paws & Claws Rescue | C26: Quetta | D26: Cat | E26: Siamese | F26: Tan | G26: Male | H26: 8.2 | I26: 31.6 | J26: Healthy | K26: 2023-01-28 | L26: Abandoned | M26: 2023-05-16 | N26: Still in Shelter | O26: 108 | Q26: 0 | R26: 0 | T26: Website | U26: No | V26: No | W26: No | X26: 2023 | Y26: January | Z26: Q1
A27: A0026 | B27: Hope Animal Shelter | C27: Karachi | D27: Dog | E27: Husky | F27: White | G27: Female | H27: 9.5 | I27: 33.6 | J27: Vaccinated | K27: 2024-06-24 | L27: Confiscated | M27: 2024-12-14 | N27: Returned to Owner | O27: 173 | Q27: 0 | R27: 1000 | T27: Event | U27: Yes | V27: Yes | W27: No | X27: 2024 | Y27: June | Z27: Q2
A28: A0027 | B28: Happy Paws Shelter | C28: Rawalpindi | D28: Cat | E28: Siamese | F28: Tan | G28: Male | H28: 11.8 | I28: 21.6 | J28: Neutered/Spayed | K28: 2023-02-12 | L28: Confiscated | M28: 2023-03-22 | N28: Adopted | O28: 38 | P28: Single Adult | Q28: 1689 | R28: 0 | S28: Bank Deposit | T28: Referral | U28: Yes | V28: Yes | W28: Yes | X28: 2023 | Y28: February | Z28: Q1
A29: A0028 | B29: Second Chance Rescue | C29: Lahore | D29: Cat | E29: Ragdoll | F29: Orange | G29: Male | H29: 6.3 | I29: 2.2 | J29: Recovering | K29: 2024-05-20 | L29: Transfer from Another Shelter | M29: 2024-07-16 | N29: Adopted | O29: 57 | P29: Couple | Q29: 4793 | R29: 2000 | S29: Online Transfer | T29: Referral | U29: No | V29: No | W29: No | X29: 2024 | Y29: May | Z29: Q2
A30: A0029 | B30: Hope Animal Shelter | C30: Peshawar | D30: Dog | E30: Husky | F30: Gray | G30: Female | H30: 9.2 | I30: 18.5 | J30: Healthy | K30: 2024-07-10 | L30: Confiscated | M30: 2024-09-15 | N30: Returned to Owner | O30: 67 | Q30: 0 | R30: 500 | T30: Social Media | U30: Yes | V30: No | W30: No | X30: 2024 | Y30: July | Z30: Q3
A31: A0030 | B31: Happy Paws Shelter | C31: Faisalabad | D31: Rabbit | E31: Lionhead | F31: Tan | G31: Female | H31: 8.4 | I31: 24.9 | J31: Vaccinated | K31: 2022-06-15 | L31: Transfer from Another Shelter | M31: 2022-07-21 | N31: Adopted | O31: 36 | P31: Single Adult | Q31: 1447 | R31: 500 | S31: Cash | T31: Website | U31: No | V31: No | W31: Yes | X31: 2022 | Y31: June | Z31: Q2
A32: A0031 | B32: Furever Home | C32: Peshawar | D32: Dog | E32: Mixed Breed | F32: Orange | G32: Male | H32: 3.7 | I32: 14 | J32: Healthy | K32: 2024-09-03 | L32: Transfer from Another Shelter | M32: 2024-09-05 | N32: Euthanized | O32: 2 | Q32: 0 | R32: 0 | T32: Referral | U32: Yes | V32: No | W32: No | X32: 2024 | Y32: September | Z32: Q3
A33: A0032 | B33: Hope Animal Shelter | C33: Faisalabad | D33: Bird | E33: Cockatiel | F33: Brown | G33: Female | H33: 6.8 | I33: 1.4 | J33: Healthy | K33: 2024-08-15 | L33: Stray | M33: 2024-09-17 | N33: Adopted | O33: 33 | P33: Senior | Q33: 2113 | R33: 1000 | S33: Bank Deposit | T33: Social Media | U33: Yes | V33: No | W33: No | X33: 2024 | Y33: August | Z33: Q3
A34: A0033 | B34: Hope Animal Shelter | C34: Islamabad | D34: Rabbit | E34: Dutch | F34: Black & White | G34: Male | H34: 10 | I34: 16.7 | J34: Neutered/Spayed | K34: 2023-07-24 | L34: Stray | M34: 2023-11-09 | N34: Transferred | O34: 108 | Q34: 0 | R34: 0 | T34: Walk-in | U34: Yes | V34: Yes | W34: No | X34: 2023 | Y34: July | Z34: Q3
A35: A0034 | B35: Hope Animal Shelter | C35: Quetta | D35: Dog | E35: Golden Retriever | F35: Black & White | G35: Male | H35: 6.8 | I35: 8 | J35: Vaccinated | K35: 2023-05-04 | L35: Born in Shelter | M35: 2023-06-06 | N35: Fostered | O35: 33 | Q35: 0 | R35: 0 | T35: Walk-in | U35: Yes | V35: No | W35: Yes | X35: 2023 | Y35: May | Z35: Q2
A36: A0035 | B36: Happy Paws Shelter | C36: Peshawar | D36: Dog | E36: Labrador | F36: White | G36: Female | H36: 4.8 | I36: 25.2 | J36: Recovering | K36: 2023-10-01 | L36: Confiscated | M36: 2024-02-26 | N36: Still in Shelter | O36: 148 | Q36: 0 | R36: 0 | T36: Event | U36: Yes | V36: No | W36: Yes | X36: 2023 | Y36: October | Z36: Q4
A37: A0036 | B37: Happy Paws Shelter | C37: Faisalabad | D37: Rabbit | E37: Lionhead | F37: Orange | G37: Male | H37: 0.9 | I37: 22.8 | J37: Minor Treatment Needed | K37: 2024-05-27 | L37: Abandoned | M37: 2024-11-13 | N37: Euthanized | O37: 170 | Q37: 0 | R37: 0 | T37: Referral | U37: Yes | V37: No | W37: No | X37: 2024 | Y37: May | Z37: Q2
A38: A0037 | B38: City Animal Shelter | C38: Multan | D38: Cat | E38: Mixed Breed | F38: Golden | G38: Male | H38: 5.3 | I38: 25.7 | J38: Healthy | K38: 2023-07-08 | L38: Transfer from Another Shelter | M38: 2023-12-13 | N38: Fostered | O38: 158 | Q38: 0 | R38: 1000 | T38: Website | U38: No | V38: No | W38: No | X38: 2023 | Y38: July | Z38: Q3
A39: A0038 | B39: City Animal Shelter | C39: Quetta | D39: Rabbit | E39: Holland Lop | F39: Cream | G39: Male | H39: 4.3 | I39: 9.4 | J39: Vaccinated | K39: 2024-10-09 | L39: Owner Surrender | M39: 2024-12-31 | N39: Adopted | O39: 84 | P39: Individual | Q39: 2497 | R39: 0 | S39: Card | T39: Referral | U39: No | V39: No | W39: No | X39: 2024 | Y39: October | Z39: Q4
A40: A0039 | B40: Hope Animal Shelter | C40: Multan | D40: Dog | E40: Husky | F40: Orange | G40: Female | H40: 4.9 | I40: 8.9 | J40: Minor Treatment Needed | K40: 2024-07-06 | L40: Confiscated | M40: 2024-07-11 | N40: Adopted | O40: 5 | P40: Couple | Q40: 5410 | R40: 0 | S40: Online Transfer | T40: Social Media | U40: No | V40: No | W40: No | X40: 2024 | Y40: July | Z40: Q3
A41: A0040 | B41: Hope Animal Shelter | C41: Karachi | D41: Cat | E41: Siamese | F41: Golden | G41: Male | H41: 1.5 | I41: 19 | J41: Neutered/Spayed | K41: 2022-09-05 | L41: Transfer from Another Shelter | M41: 2022-10-25 | N41: Euthanized | O41: 50 | Q41: 0 | R41: 0 | T41: Social Media | U41: Yes | V41: Yes | W41: No | X41: 2022 | Y41: September | Z41: Q3
A42: A0041 | B42: City Animal Shelter | C42: Islamabad | D42: Cat | E42: Siamese | F42: Black | G42: Female | H42: 0.3 | I42: 18.9 | J42: Neutered/Spayed | K42: 2024-01-10 | L42: Owner Surrender | M42: 2024-02-25 | N42: Transferred | O42: 46 | Q42: 0 | R42: 0 | T42: Referral | U42: Yes | V42: Yes | W42: No | X42: 2024 | Y42: January | Z42: Q1
A43: A0042 | B43: Happy Paws Shelter | C43: Faisalabad | D43: Dog | E43: Husky | F43: Orange | G43: Male | H43: 11.3 | I43: 17 | J43: Vaccinated | K43: 2024-06-21 | L43: Confiscated | M43: 2024-09-17 | N43: Adopted | O43: 88 | P43: Individual | Q43: 3420 | R43: 0 | S43: Card | T43: Website | U43: Yes | V43: Yes | W43: No | X43: 2024 | Y43: June | Z43: Q2
A44: A0043 | B44: Paws & Claws Rescue | C44: Faisalabad | D44: Cat | E44: Maine Coon | F44: Gray | G44: Male | H44: 5.5 | I44: 15.8 | J44: Vaccinated | K44: 2024-05-02 | L44: Confiscated | M44: 2024-10-05 | N44: Returned to Owner | O44: 156 | Q44: 0 | R44: 1000 | T44: Walk-in | U44: Yes | V44: No | W44: No | X44: 2024 | Y44: May | Z44: Q2
A45: A0044 | B45: Furever Home | C45: Rawalpindi | D45: Cat | E45: Mixed Breed | F45: Spotted | G45: Female | H45: 6.7 | I45: 5.9 | J45: Healthy | K45: 2022-06-16 | L45: Stray | M45: 2022-07-27 | N45: Returned to Owner | O45: 41 | Q45: 0 | R45: 0 | T45: Website | U45: Yes | V45: No | W45: No | X45: 2022 | Y45: June | Z45: Q2
A46: A0045 | B46: Second Chance Rescue | C46: Quetta | D46: Dog | E46: German Shepherd | F46: Brown | G46: Male | H46: 1.5 | I46: 8.3 | J46: Healthy | K46: 2023-04-24 | L46: Owner Surrender | M46: 2023-07-01 | N46: Returned to Owner | O46: 68 | Q46: 0 | R46: 1000 | T46: Social Media | U46: Yes | V46: No | W46: Yes | X46: 2023 | Y46: April | Z46: Q2
A47: A0046 | B47: Furever Home | C47: Multan | D47: Dog | E47: Bulldog | F47: Spotted | G47: Female | H47: 1.1 | I47: 1.9 | J47: Healthy | K47: 2024-04-04 | L47: Stray | M47: 2024-06-13 | N47: Fostered | O47: 70 | Q47: 0 | R47: 1000 | T47: Website | U47: Yes | V47: No | W47: No | X47: 2024 | Y47: April | Z47: Q2
A48: A0047 | B48: Hope Animal Shelter | C48: Rawalpindi | D48: Dog | E48: Labrador | F48: White | G48: Female | H48: 2.3 | I48: 20.7 | J48: Healthy | K48: 2022-12-25 | L48: Transfer from Another Shelter | M48: 2023-04-25 | N48: Fostered | O48: 121 | Q48: 0 | R48: 500 | T48: Social Media | U48: Yes | V48: No | W48: Yes | X48: 2022 | Y48: December | Z48: Q4
A49: A0048 | B49: Paws & Claws Rescue | C49: Islamabad | D49: Dog | E49: Beagle | F49: Orange | G49: Male | H49: 8 | I49: 14.3 | J49: Healthy | K49: 2024-04-23 | L49: Abandoned | M49: 2024-10-18 | N49: Fostered | O49: 178 | Q49: 0 | R49: 500 | T49: Social Media | U49: Yes | V49: No | W49: Yes | X49: 2024 | Y49: April | Z49: Q2
A50: A0049 | B50: Furever Home | C50: Islamabad | D50: Cat | E50: Domestic Shorthair | F50: Golden | G50: Female | H50: 7.5 | I50: 17.7 | J50: Vaccinated | K50: 2024-04-26 | L50: Owner Surrender | M50: 2024-05-10 | N50: Returned to Owner | O50: 14 | Q50: 0 | R50: 500 | T50: Social Media | U50: No | V50: No | W50: No | X50: 2024 | Y50: April | Z50: Q2
A51: A0050 | B51: Happy Paws Shelter | C51: Peshawar | D51: Cat | E51: Persian | F51: White | G51: Female | H51: 6.7 | I51: 19.6 | J51: Healthy | K51: 2023-05-06 | L51: Confiscated | M51: 2023-06-16 | N51: Transferred | O51: 41 | Q51: 0 | R51: 0 | T51: Website | U51: No | V51: No | W51: No | X51: 2023 | Y51: May | Z51: Q2
A52: A0051 | B52: Furever Home | C52: Peshawar | D52: Cat | E52: Mixed Breed | F52: Spotted | G52: Male | H52: 3 | I52: 19.5 | J52: Recovering | K52: 2023-07-14 | L52: Stray | M52: 2023-10-29 | N52: Fostered | O52: 107 | Q52: 0 | R52: 1000 | T52: Social Media | U52: No | V52: No | W52: No | X52: 2023 | Y52: July | Z52: Q3
A53: A0052 | B53: City Animal Shelter | C53: Faisalabad | D53: Dog | E53: Bulldog | F53: Orange | G53: Female | H53: 5.4 | I53: 17.2 | J53: Recovering | K53: 2023-09-04 | L53: Owner Surrender | M53: 2024-02-02 | N53: Fostered | O53: 151 | Q53: 0 | R53: 0 | T53: Website | U53: No | V53: Yes | W53: No | X53: 2023 | Y53: September | Z53: Q3
A54: A0053 | B54: Hope Animal Shelter | C54: Karachi | D54: Dog | E54: Beagle | F54: Orange | G54: Male | H54: 11.9 | I54: 27.8 | J54: Healthy | K54: 2024-08-26 | L54: Born in Shelter | M54: 2024-12-02 | N54: Still in Shelter | O54: 98 | Q54: 0 | R54: 0 | T54: Event | U54: Yes | V54: Yes | W54: No | X54: 2024 | Y54: August | Z54: Q3
A55: A0054 | B55: Furever Home | C55: Quetta | D55: Cat | E55: Maine Coon | F55: Black & White | G55: Female | H55: 7.9 | I55: 5.8 | J55: Neutered/Spayed | K55: 2024-07-24 | L55: Stray | M55: 2024-07-28 | N55: Adopted | O55: 4 | P55: Senior | Q55: 3179 | R55: 5000 | S55: Bank Deposit | T55: Social Media | U55: No | V55: No | W55: Yes | X55: 2024 | Y55: July | Z55: Q3
A56: A0055 | B56: Furever Home | C56: Lahore | D56: Dog | E56: German Shepherd | F56: White | G56: Female | H56: 12 | I56: 26.3 | J56: Healthy | K56: 2023-04-26 | L56: Confiscated | M56: 2023-10-05 | N56: Transferred | O56: 162 | Q56: 0 | R56: 0 | T56: Social Media | U56: Yes | V56: Yes | W56: No | X56: 2023 | Y56: April | Z56: Q2
A57: A0056 | B57: Paws & Claws Rescue | C57: Karachi | D57: Dog | E57: Bulldog | F57: Brown | G57: Male | H57: 1.8 | I57: 18.8 | J57: Healthy | K57: 2024-01-05 | L57: Born in Shelter | M57: 2024-04-10 | N57: Still in Shelter | O57: 96 | Q57: 0 | R57: 0 | T57: Referral | U57: Yes | V57: No | W57: No | X57: 2024 | Y57: January | Z57: Q1
A58: A0057 | B58: Furever Home | C58: Quetta | D58: Dog | E58: Husky | F58: Cream | G58: Male | H58: 8 | I58: 31.5 | J58: Healthy | K58: 2023-06-05 | L58: Transfer from Another Shelter | M58: 2023-10-01 | N58: Transferred | O58: 118 | Q58: 0 | R58: 0 | T58: Social Media | U58: Yes | V58: No | W58: No | X58: 2023 | Y58: June | Z58: Q2
A59: A0058 | B59: Furever Home | C59: Multan | D59: Cat | E59: Domestic Shorthair | F59: Spotted | G59: Female | H59: 10.3 | I59: 4.2 | J59: Neutered/Spayed | K59: 2023-09-11 | L59: Abandoned | M59: 2023-11-01 | N59: Still in Shelter | O59: 51 | Q59: 0 | R59: 0 | T59: Walk-in | U59: No | V59: No | W59: Yes | X59: 2023 | Y59: September | Z59: Q3
A60: A0059 | B60: City Animal Shelter | C60: Karachi | D60: Dog | E60: Labrador | F60: White | G60: Male | H60: 2.7 | I60: 7.1 | J60: Healthy | K60: 2024-10-14 | L60: Transfer from Another Shelter | M60: 2024-12-27 | N60: Returned to Owner | O60: 74 | Q60: 0 | R60: 500 | T60: Walk-in | U60: Yes | V60: No | W60: No | X60: 2024 | Y60: October | Z60: Q4
A61: A0060 | B61: City Animal Shelter | C61: Quetta | D61: Cat | E61: Bengal | F61: Brown | G61: Female | H61: 9.5 | I61: 30.7 | J61: Recovering | K61: 2023-11-01 | L61: Transfer from Another Shelter | M61: 2024-02-16 | N61: Adopted | O61: 107 | P61: Senior | Q61: 2322 | R61: 0 | S61: Online Transfer | T61: Walk-in | U61: No | V61: Yes | W61: No | X61: 2023 | Y61: November | Z61: Q4
A62: A0061 | B62: Furever Home | C62: Multan | D62: Dog | E62: Mixed Breed | F62: Gray | G62: Female | H62: 0.3 | I62: 19 | J62: Recovering | K62: 2024-01-20 | L62: Confiscated | M62: 2024-02-13 | N62: Still in Shelter | O62: 24 | Q62: 0 | R62: 0 | T62: Social Media | U62: Yes | V62: No | W62: No | X62: 2024 | Y62: January | Z62: Q1
A63: A0062 | B63: Hope Animal Shelter | C63: Quetta | D63: Dog | E63: Labrador | F63: Tan | G63: Male | H63: 7.7 | I63: 16.5 | J63: Healthy | K63: 2023-11-03 | L63: Stray | M63: 2024-04-08 | N63: Returned to Owner | O63: 157 | Q63: 0 | R63: 0 | T63: Walk-in | U63: Yes | V63: No | W63: Yes | X63: 2023 | Y63: November | Z63: Q4
A64: A0063 | B64: Paws & Claws Rescue | C64: Faisalabad | D64: Cat | E64: Siamese | F64: Spotted | G64: Male | H64: 8.1 | I64: 26.1 | J64: Minor Treatment Needed | K64: 2022-10-05 | L64: Confiscated | M64: 2023-01-13 | N64: Fostered | O64: 100 | Q64: 0 | R64: 500 | T64: Walk-in | U64: No | V64: No | W64: No | X64: 2022 | Y64: October | Z64: Q4
A65: A0064 | B65: Happy Paws Shelter | C65: Multan | D65: Cat | E65: Persian | F65: Cream | G65: Female | H65: 11.4 | I65: 30 | J65: Healthy | K65: 2024-01-29 | L65: Transfer from Another Shelter | M65: 2024-03-25 | N65: Fostered | O65: 56 | Q65: 0 | R65: 1000 | T65: Social Media | U65: Yes | V65: Yes | W65: No | X65: 2024 | Y65: January | Z65: Q1
A66: A0065 | B66: Paws & Claws Rescue | C66: Peshawar | D66: Cat | E66: Mixed Breed | F66: White | G66: Male | H66: 4.1 | I66: 34.6 | J66: Vaccinated | K66: 2023-03-11 | L66: Owner Surrender | M66: 2023-08-23 | N66: Adopted | O66: 165 | P66: Family | Q66: 1707 | R66: 5000 | S66: Online Transfer | T66: Website | U66: Yes | V66: No | W66: No | X66: 2023 | Y66: March | Z66: Q1
A67: A0066 | B67: Paws & Claws Rescue | C67: Multan | D67: Dog | E67: Bulldog | F67: Black | G67: Male | H67: 4.4 | I67: 27.7 | J67: Healthy | K67: 2022-12-24 | L67: Stray | M67: 2023-01-22 | N67: Adopted | O67: 29 | P67: Family | Q67: 4079 | R67: 0 | S67: Bank Deposit | T67: Event | U67: Yes | V67: No | W67: Yes | X67: 2022 | Y67: December | Z67: Q4
A68: A0067 | B68: Hope Animal Shelter | C68: Quetta | D68: Dog | E68: Husky | F68: Orange | G68: Male | H68: 2.7 | I68: 21.7 | J68: Healthy | K68: 2024-01-12 | L68: Transfer from Another Shelter | M68: 2024-05-23 | N68: Adopted | O68: 132 | P68: Single Adult | Q68: 6702 | R68: 1000 | S68: Bank Deposit | T68: Walk-in | U68: No | V68: No | W68: No | X68: 2024 | Y68: January | Z68: Q1
A69: A0068 | B69: Paws & Claws Rescue | C69: Multan | D69: Cat | E69: Persian | F69: Tan | G69: Female | H69: 3.4 | I69: 22.3 | J69: Minor Treatment Needed | K69: 2023-10-22 | L69: Born in Shelter | M69: 2024-03-26 | N69: Adopted | O69: 156 | P69: Couple | Q69: 1769 | R69: 0 | S69: Bank Deposit | T69: Walk-in | U69: Yes | V69: No | W69: No | X69: 2023 | Y69: October | Z69: Q4
A70: A0069 | B70: Hope Animal Shelter | C70: Lahore | D70: Bird | E70: Lovebird | F70: Black & White | G70: Female | H70: 9.9 | I70: 14.3 | J70: Healthy | K70: 2023-04-13 | L70: Confiscated | M70: 2023-07-28 | N70: Euthanized | O70: 106 | Q70: 0 | R70: 0 | T70: Social Media | U70: Yes | V70: Yes | W70: No | X70: 2023 | Y70: April | Z70: Q2
A71: A0070 | B71: Second Chance Rescue | C71: Islamabad | D71: Cat | E71: Persian | F71: Spotted | G71: Female | H71: 1.2 | I71: 26 | J71: Neutered/Spayed | K71: 2022-06-24 | L71: Stray | M71: 2022-07-18 | N71: Still in Shelter | O71: 24 | Q71: 0 | R71: 0 | T71: Referral | U71: Yes | V71: No | W71: No | X71: 2022 | Y71: June | Z71: Q2
A72: A0071 | B72: Second Chance Rescue | C72: Lahore | D72: Dog | E72: Bulldog | F72: Black & White | G72: Female | H72: 2.6 | I72: 23.2 | J72: Healthy | K72: 2023-10-02 | L72: Abandoned | M72: 2024-01-01 | N72: Adopted | O72: 91 | P72: Couple | Q72: 7734 | R72: 1000 | S72: Card | T72: Referral | U72: Yes | V72: No | W72: No | X72: 2023 | Y72: October | Z72: Q4
A73: A0072 | B73: Second Chance Rescue | C73: Karachi | D73: Dog | E73: Golden Retriever | F73: Spotted | G73: Female | H73: 11.1 | I73: 12.6 | J73: Healthy | K73: 2023-07-14 | L73: Owner Surrender | M73: 2024-01-10 | N73: Transferred | O73: 180 | Q73: 0 | R73: 0 | T73: Walk-in | U73: Yes | V73: No | W73: No | X73: 2023 | Y73: July | Z73: Q3
A74: A0073 | B74: Paws & Claws Rescue | C74: Lahore | D74: Bird | E74: Lovebird | F74: Black | G74: Male | H74: 8.7 | I74: 27.3 | J74: Healthy | K74: 2024-07-18 | L74: Born in Shelter | M74: 2024-10-14 | N74: Adopted | O74: 88 | P74: Individual | Q74: 2015 | R74: 0 | S74: Cash | T74: Social Media | U74: No | V74: No | W74: No | X74: 2024 | Y74: July | Z74: Q3
A75: A0074 | B75: Hope Animal Shelter | C75: Rawalpindi | D75: Dog | E75: Husky | F75: Cream | G75: Female | H75: 4.2 | I75: 4.3 | J75: Healthy | K75: 2024-04-28 | L75: Owner Surrender | M75: 2024-07-07 | N75: Returned to Owner | O75: 70 | Q75: 0 | R75: 0 | T75: Referral | U75: Yes | V75: Yes | W75: No | X75: 2024 | Y75: April | Z75: Q2
A76: A0075 | B76: Hope Animal Shelter | C76: Faisalabad | D76: Cat | E76: Siamese | F76: Brown | G76: Male | H76: 4 | I76: 0.8 | J76: Minor Treatment Needed | K76: 2022-10-09 | L76: Born in Shelter | M76: 2022-12-14 | N76: Transferred | O76: 66 | Q76: 0 | R76: 0 | T76: Website | U76: Yes | V76: Yes | W76: No | X76: 2022 | Y76: October | Z76: Q4
A77: A0076 | B77: Hope Animal Shelter | C77: Faisalabad | D77: Dog | E77: Mixed Breed | F77: Gray | G77: Male | H77: 5.2 | I77: 14.5 | J77: Minor Treatment Needed | K77: 2022-02-08 | L77: Stray | M77: 2022-06-06 | N77: Adopted | O77: 118 | P77: Senior | Q77: 5564 | R77: 1000 | S77: Card | T77: Event | U77: No | V77: No | W77: No | X77: 2022 | Y77: February | Z77: Q1
A78: A0077 | B78: Furever Home | C78: Quetta | D78: Cat | E78: Domestic Shorthair | F78: Black & White | G78: Male | H78: 7.1 | I78: 18.6 | J78: Healthy | K78: 2022-08-05 | L78: Owner Surrender | M78: 2022-10-07 | N78: Still in Shelter | O78: 63 | Q78: 0 | R78: 0 | T78: Walk-in | U78: Yes | V78: No | W78: No | X78: 2022 | Y78: August | Z78: Q3
A79: A0078 | B79: Hope Animal Shelter | C79: Lahore | D79: Rabbit | E79: Flemish Giant | F79: Brown | G79: Female | H79: 2.4 | I79: 21.3 | J79: Minor Treatment Needed | K79: 2022-10-30 | L79: Born in Shelter | M79: 2022-12-30 | N79: Adopted | O79: 61 | P79: Couple | Q79: 1099 | R79: 0 | S79: Bank Deposit | T79: Event | U79: Yes | V79: No | W79: No | X79: 2022 | Y79: October | Z79: Q4
A80: A0079 | B80: City Animal Shelter | C80: Lahore | D80: Dog | E80: Husky | F80: Gray | G80: Female | H80: 9.6 | I80: 20.9 | J80: Minor Treatment Needed | K80: 2022-05-20 | L80: Stray | M80: 2022-09-18 | N80: Fostered | O80: 121 | Q80: 0 | R80: 500 | T80: Walk-in | U80: Yes | V80: No | W80: Yes | X80: 2022 | Y80: May | Z80: Q2
A81: A0080 | B81: Hope Animal Shelter | C81: Peshawar | D81: Cat | E81: Maine Coon | F81: Black & White | G81: Female | H81: 5.5 | I81: 28.4 | J81: Vaccinated | K81: 2024-11-04 | L81: Owner Surrender | M81: 2024-12-31 | N81: Fostered | O81: 99 | Q81: 0 | R81: 0 | T81: Walk-in | U81: No | V81: Yes | W81: No | X81: 2024 | Y81: November | Z81: Q4
A82: A0081 | B82: Paws & Claws Rescue | C82: Karachi | D82: Cat | E82: Maine Coon | F82: Black & White | G82: Female | H82: 11.9 | I82: 18.6 | J82: Healthy | K82: 2022-12-20 | L82: Transfer from Another Shelter | M82: 2022-12-31 | N82: Returned to Owner | O82: 11 | Q82: 0 | R82: 1000 | T82: Referral | U82: Yes | V82: No | W82: Yes | X82: 2022 | Y82: December | Z82: Q4
A83: A0082 | B83: Hope Animal Shelter | C83: Karachi | D83: Rabbit | E83: Holland Lop | F83: Black & White | G83: Male | H83: 3.5 | I83: 25.5 | J83: Vaccinated | K83: 2023-11-07 | L83: Confiscated | M83: 2023-12-02 | N83: Still in Shelter | O83: 25 | Q83: 0 | R83: 0 | T83: Website | U83: Yes | V83: No | W83: No | X83: 2023 | Y83: November | Z83: Q4
A84: A0083 | B84: Second Chance Rescue | C84: Lahore | D84: Dog | E84: German Shepherd | F84: Tan | G84: Female | H84: 7.8 | I84: 11.8 | J84: Healthy | K84: 2023-09-27 | L84: Abandoned | M84: 2024-02-18 | N84: Still in Shelter | O84: 144 | Q84: 0 | R84: 0 | T84: Social Media | U84: Yes | V84: Yes | W84: No | X84: 2023 | Y84: September | Z84: Q3
A85: A0084 | B85: Paws & Claws Rescue | C85: Islamabad | D85: Dog | E85: Poodle | F85: Black & White | G85: Male | H85: 10.1 | I85: 4 | J85: Vaccinated | K85: 2023-04-09 | L85: Transfer from Another Shelter | M85: 2023-05-15 | N85: Adopted | O85: 36 | P85: Family | Q85: 3632 | R85: 0 | S85: Card | T85: Website | U85: Yes | V85: No | W85: No | X85: 2023 | Y85: April | Z85: Q2
A86: A0085 | B86: Furever Home | C86: Peshawar | D86: Dog | E86: Mixed Breed | F86: Cream | G86: Male | H86: 7.4 | I86: 26.5 | J86: Healthy | K86: 2024-01-17 | L86: Transfer from Another Shelter | M86: 2024-07-09 | N86: Returned to Owner | O86: 174 | Q86: 0 | R86: 1000 | T86: Website | U86: Yes | V86: No | W86: No | X86: 2024 | Y86: January | Z86: Q1
A87: A0086 | B87: Paws & Claws Rescue | C87: Karachi | D87: Dog | E87: Bulldog | F87: Gray | G87: Male | H87: 11.6 | I87: 28.7 | J87: Neutered/Spayed | K87: 2024-02-22 | L87: Transfer from Another Shelter | M87: 2024-06-30 | N87: Still in Shelter | O87: 129 | Q87: 0 | R87: 0 | T87: Social Media | U87: Yes | V87: No | W87: Yes | X87: 2024 | Y87: February | Z87: Q1
A88: A0087 | B88: Second Chance Rescue | C88: Rawalpindi | D88: Cat | E88: Persian | F88: Black & White | G88: Male | H88: 10 | I88: 3.7 | J88: Minor Treatment Needed | K88: 2022-11-25 | L88: Stray | M88: 2023-02-03 | N88: Fostered | O88: 70 | Q88: 0 | R88: 0 | T88: Referral | U88: Yes | V88: Yes | W88: No | X88: 2022 | Y88: November | Z88: Q4
A89: A0088 | B89: Hope Animal Shelter | C89: Multan | D89: Cat | E89: Bengal | F89: Brown | G89: Male | H89: 11.2 | I89: 29.5 | J89: Healthy | K89: 2023-04-05 | L89: Abandoned | M89: 2023-04-13 | N89: Euthanized | O89: 8 | Q89: 0 | R89: 0 | T89: Referral | U89: Yes | V89: No | W89: No | X89: 2023 | Y89: April | Z89: Q2
A90: A0089 | B90: Hope Animal Shelter | C90: Faisalabad | D90: Dog | E90: Labrador | F90: White | G90: Female | H90: 2.7 | I90: 5.7 | J90: Healthy | K90: 2022-06-12 | L90: Abandoned | M90: 2022-06-17 | N90: Transferred | O90: 5 | Q90: 0 | R90: 0 | T90: Walk-in | U90: Yes | V90: Yes | W90: No | X90: 2022 | Y90: June | Z90: Q2
A91: A0090 | B91: Hope Animal Shelter | C91: Karachi | D91: Dog | E91: Husky | F91: Gray | G91: Female | H91: 7.6 | I91: 20.3 | J91: Healthy | K91: 2022-05-09 | L91: Born in Shelter | M91: 2022-06-07 | N91: Fostered | O91: 29 | Q91: 0 | R91: 0 | T91: Social Media | U91: Yes | V91: No | W91: No | X91: 2022 | Y91: May | Z91: Q2
A92: A0091 | B92: Paws & Claws Rescue | C92: Islamabad | D92: Dog | E92: German Shepherd | F92: Tan | G92: Female | H92: 6.1 | I92: 34.6 | J92: Healthy | K92: 2024-12-08 | L92: Confiscated | M92: 2024-12-31 | N92: Adopted | O92: 93 | P92: Single Adult | Q92: 7309 | R92: 1000 | S92: Online Transfer | T92: Social Media | U92: Yes | V92: No | W92: Yes | X92: 2024 | Y92: December | Z92: Q4
A93: A0092 | B93: City Animal Shelter | C93: Karachi | D93: Rabbit | E93: Mini Rex | F93: Orange | G93: Female | H93: 1.7 | I93: 12.7 | J93: Neutered/Spayed | K93: 2022-08-01 | L93: Owner Surrender | M93: 2022-12-28 | N93: Euthanized | O93: 149 | Q93: 0 | R93: 0 | T93: Website | U93: Yes | V93: No | W93: No | X93: 2022 | Y93: August | Z93: Q3
A94: A0093 | B94: Furever Home | C94: Rawalpindi | D94: Dog | E94: Bulldog | F94: Gray | G94: Male | H94: 3.9 | I94: 11.2 | J94: Recovering | K94: 2023-02-17 | L94: Confiscated | M94: 2023-03-01 | N94: Returned to Owner | O94: 12 | Q94: 0 | R94: 0 | T94: Website | U94: Yes | V94: No | W94: Yes | X94: 2023 | Y94: February | Z94: Q1
A95: A0094 | B95: Furever Home | C95: Multan | D95: Rabbit | E95: Flemish Giant | F95: Brown | G95: Female | H95: 10.7 | I95: 26.1 | J95: Neutered/Spayed | K95: 2022-09-12 | L95: Transfer from Another Shelter | M95: 2022-12-16 | N95: Still in Shelter | O95: 95 | Q95: 0 | R95: 0 | T95: Social Media | U95: Yes | V95: Yes | W95: No | X95: 2022 | Y95: September | Z95: Q3
A96: A0095 | B96: Hope Animal Shelter | C96: Quetta | D96: Cat | E96: Domestic Shorthair | F96: Gray | G96: Female | H96: 3.9 | I96: 3.3 | J96: Vaccinated | K96: 2023-01-05 | L96: Confiscated | M96: 2023-05-25 | N96: Transferred | O96: 140 | Q96: 0 | R96: 0 | T96: Referral | U96: Yes | V96: No | W96: No | X96: 2023 | Y96: January | Z96: Q1
A97: A0096 | B97: Happy Paws Shelter | C97: Lahore | D97: Rabbit | E97: Dutch | F97: Tan | G97: Female | H97: 3.4 | I97: 34.3 | J97: Vaccinated | K97: 2022-03-28 | L97: Confiscated | M97: 2022-06-27 | N97: Still in Shelter | O97: 91 | Q97: 0 | R97: 0 | T97: Website | U97: Yes | V97: Yes | W97: No | X97: 2022 | Y97: March | Z97: Q1
A98: A0097 | B98: Happy Paws Shelter | C98: Karachi | D98: Dog | E98: Golden Retriever | F98: Orange | G98: Female | H98: 4.4 | I98: 33.3 | J98: Healthy | K98: 2022-05-18 | L98: Transfer from Another Shelter | M98: 2022-07-18 | N98: Euthanized | O98: 61 | Q98: 0 | R98: 0 | T98: Walk-in | U98: Yes | V98: No | W98: No | X98: 2022 | Y98: May | Z98: Q2
A99: A0098 | B99: Paws & Claws Rescue | C99: Lahore | D99: Bird | E99: Canary | F99: Gray | G99: Female | H99: 2.3 | I99: 18.4 | J99: Neutered/Spayed | K99: 2023-07-25 | L99: Transfer from Another Shelter | M99: 2023-09-27 | N99: Adopted | O99: 64 | P99: Family | Q99: 606 | R99: 2000 | S99: Online Transfer | T99: Referral | U99: Yes | V99: Yes | W99: No | X99: 2023 | Y99: July | Z99: Q3
A100: A0099 | B100: Hope Animal Shelter | C100: Multan | D100: Cat | E100: Domestic Shorthair | F100: White | G100: Female | H100: 11.6 | I100: 34.5 | J100: Healthy | K100: 2022-12-20 | L100: Owner Surrender | M100: 2023-04-13 | N100: Adopted | O100: 114 | P100: Family | Q100: 4819 | R100: 2000 | S100: Online Transfer | T100: Event | U100: Yes | V100: Yes | W100: No | X100: 2022 | Y100: December | Z100: Q4
...

Sheet Cleaned data
A1: Animal_ID | B1: Shelter_Name | C1: City | D1: Species | E1: Breed | F1: Color | G1: Gender | H1: Age_Years | I1: Weight_KG | J1: Health_Status | K1: Intake_Date | L1: Intake_Reason | M1: Outcome_Date | N1: Outcome_Type | O1: Days_In_Shelter | P1: Adopter_Type | Q1: Adoption_Fee_PKR | R1: Donation_Amount_PKR | S1: Payment_Method | T1: Source_of_Inquiry | U1: Vaccinated | V1: Neutered_Spayed | W1: Microchipped | X1: Year | Y1: Month | Z1: Quarter
A2: A0001 | B2: Paws & Claws Rescue | C2: Lahore | D2: Cat | E2: Persian | F2: Spotted | G2: Female | H2: 8.9 | I2: 23.8 | J2: Healthy | K2: 2023-07-18 | L2: Stray | M2: 2023-09-19 | N2: Returned to Owner | O2: 63 | P2: N/A | Q2: 0 | R2: 0 | S2: N/A | T2: Walk-in | U2: Yes | V2: Yes | W2: Yes | X2: 2023 | Y2: July | Z2: Q3
A3: A0002 | B3: Second Chance Rescue | C3: Faisalabad | D3: Cat | E3: Siamese | F3: Black & White | G3: Female | H3: 9.7 | I3: 0.7 | J3: Healthy | K3: 2024-05-09 | L3: Owner Surrender | M3: 2024-07-05 | N3: Fostered | O3: 57 | P3: N/A | Q3: 0 | R3: 500 | S3: N/A | T3: Social Media | U3: Yes | V3: Yes | W3: No | X3: 2024 | Y3: May | Z3: Q2
A4: A0003 | B4: Paws & Claws Rescue | C4: Lahore | D4: Cat | E4: Bengal | F4: Tan | G4: Male | H4: 9.7 | I4: 25.7 | J4: Vaccinated | K4: 2023-12-06 | L4: Abandoned | M4: 2024-05-09 | N4: Transferred | O4: 155 | P4: N/A | Q4: 0 | R4: 0 | S4: N/A | T4: Event | U4: Yes | V4: No | W4: No | X4: 2023 | Y4: December | Z4: Q4
A5: A0004 | B5: Hope Animal Shelter | C5: Multan | D5: Cat | E5: Persian | F5: Brown | G5: Female | H5: 1.3 | I5: 10.1 | J5: Healthy | K5: 2023-04-12 | L5: Owner Surrender | M5: 2023-06-26 | N5: Adopted | O5: 75 | P5: Senior | Q5: 2453 | R5: 5000 | S5: Cash | T5: Event | U5: Yes | V5: No | W5: No | X5: 2023 | Y5: April | Z5: Q2
A6: A0005 | B6: Second Chance Rescue | C6: Islamabad | D6: Dog | E6: Husky | F6: Black & White | G6: Female | H6: 10.1 | I6: 27.3 | J6: Healthy | K6: 2024-02-17 | L6: Stray | M6: 2024-04-27 | N6: Returned to Owner | O6: 70 | P6: N/A | Q6: 0 | R6: 500 | S6: N/A | T6: Website | U6: Yes | V6: Yes | W6: No | X6: 2024 | Y6: February | Z6: Q1
A7: A0006 | B7: Paws & Claws Rescue | C7: Faisalabad | D7: Bird | E7: Lovebird | F7: Spotted | G7: Female | H7: 6.8 | I7: 9.6 | J7: Healthy | K7: 2022-10-20 | L7: Owner Surrender | M7: 2022-12-27 | N7: Adopted | O7: 68 | P7: Family | Q7: 1510 | R7: 2000 | S7: Bank Deposit | T7: Walk-in | U7: Yes | V7: Yes | W7: No | X7: 2022 | Y7: October | Z7: Q4
A8: A0007 | B8: City Animal Shelter | C8: Islamabad | D8: Dog | E8: Mixed Breed | F8: White | G8: Female | H8: 7.2 | I8: 16.6 | J8: Recovering | K8: 2022-05-11 | L8: Confiscated | M8: 2022-08-18 | N8: Still in Shelter | O8: 99 | P8: N/A | Q8: 0 | R8: 0 | S8: N/A | T8: Social Media | U8: Yes | V8: No | W8: No | X8: 2022 | Y8: May | Z8: Q2
A9: A0008 | B9: Hope Animal Shelter | C9: Peshawar | D9: Dog | E9: Husky | F9: Brown | G9: Female | H9: 10.5 | I9: 10.8 | J9: Recovering | K9: 2022-01-07 | L9: Owner Surrender | M9: 2022-03-16 | N9: Adopted | O9: 68 | P9: Couple | Q9: 7158 | R9: 0 | S9: Cash | T9: Event | U9: Yes | V9: No | W9: Yes | X9: 2022 | Y9: January | Z9: Q1
A10: A0009 | B10: Furever Home | C10: Lahore | D10: Cat | E10: Bengal | F10: Cream | G10: Male | H10: 11.4 | I10: 3.5 | J10: Healthy | K10: 2023-09-22 | L10: Confiscated | M10: 2023-11-23 | N10: Adopted | O10: 62 | P10: Single Adult | Q10: 2486 | R10: 1000 | S10: Card | T10: Social Media | U10: No | V10: Yes | W10: No | X10: 2023 | Y10: September | Z10: Q3
A11: A0010 | B11: Happy Paws Shelter | C11: Peshawar | D11: Cat | E11: Domestic Shorthair | F11: Spotted | G11: Male | H11: 3.1 | I11: 2.7 | J11: Healthy | K11: 2024-02-04 | L11: Stray | M11: 2024-05-27 | N11: Fostered | O11: 113 | P11: N/A | Q11: 0 | R11: 0 | S11: N/A | T11: Walk-in | U11: Yes | V11: Yes | W11: Yes | X11: 2024 | Y11: February | Z11: Q1
A12: A0011 | B12: Second Chance Rescue | C12: Rawalpindi | D12: Rabbit | E12: Holland Lop | F12: Golden | G12: Female | H12: 8.1 | I12: 7.9 | J12: Recovering | K12: 2024-11-18 | L12: Transfer from Another Shelter | M12: 2024-12-31 | N12: Transferred | O12: 61 | P12: N/A | Q12: 0 | R12: 0 | S12: N/A | T12: Website | U12: Yes | V12: Yes | W12: No | X12: 2024 | Y12: November | Z12: Q4
A13: A0012 | B13: Happy Paws Shelter | C13: Peshawar | D13: Rabbit | E13: Dutch | F13: Golden | G13: Male | H13: 4.9 | I13: 12.2 | J13: Vaccinated | K13: 2024-04-21 | L13: Transfer from Another Shelter | M13: 2024-08-19 | N13: Adopted | O13: 120 | P13: Family | Q13: 903 | R13: 0 | S13: Bank Deposit | T13: Website | U13: Yes | V13: No | W13: No | X13: 2024 | Y13: April | Z13: Q2
... A1201: A1200 | B1201: City Animal Shelter | C1201: Lahore | D1201: Dog | E1201: Golden Retriever | F1201: Brown | G1201: Male | H1201: 9.5 | I1201: 34 | J1201: Healthy | K1201: 2022-09-19 | L1201: Born in Shelter | M1201: 2022-12-30 | N1201: Adopted | O1201: 102 | P1201: Individual | Q1201: 5856 | R1201: 0 | S1201: Online Transfer | T1201: Referral | U1201: No | V1201: Yes | W1201: Yes | X1201: 2022 | Y1201: September | Z1201: Q3

Sheet Functions
A1: Use of XLOOKUP and VLOOKUP and Other Functions
A2: Enter the animal id | B2: Breed | C2: Health status | D2: Status | E2: Age
A3: A0003 | B3: =VLOOKUP(A3,'Cleaned data'!$A:$Y,5,0) -> Bengal | C3: =VLOOKUP(A3,'Cleaned data'!$A:$Y,10,0) -> Vaccinated | D3: =VLOOKUP(A3,'Cleaned data'!$A:$Y,10,0) -> Vaccinated | E3: =_xlfn.XLOOKUP(A3,'Cleaned data'!$A:$A,'Cleaned data'!$H:$H,"Not Found") -> 9.7 | H3: SUMMARY | I3: Amounts | J3: FUNCTIONS
A4: A0004 | B4: =VLOOKUP(A4,'Cleaned data'!$A:$Y,5,0) -> Persian | C4: =VLOOKUP(A4,'Cleaned data'!$A:$Y,10,0) -> Healthy | D4: =VLOOKUP(A4,'Cleaned data'!$A:$Y,10,0) -> Healthy | E4: =_xlfn.XLOOKUP(A4,'Cleaned data'!$A:$A,'Cleaned data'!$H:$H,"Not Found") -> 1.3 | H4: Total Adoption money | I4: =SUM('Cleaned data'!Q:Q) -> 1870835 | J4: \\countif
A5: A0005 | B5: =VLOOKUP(A5,'Cleaned data'!$A:$Y,5,0) -> Husky | C5: =VLOOKUP(A5,'Cleaned data'!$A:$Y,10,0) -> Healthy | D5: =VLOOKUP(A5,'Cleaned data'!$A:$Y,10,0) -> Healthy | E5: =_xlfn.XLOOKUP(A5,'Cleaned data'!$A:$A,'Cleaned data'!$H:$H,"Not Found") -> 10.1 | H5: Total Donation money | I5: =SUM('Cleaned data'!R:R) -> 687500
A6: A0006 | B6: =VLOOKUP(A6,'Cleaned data'!$A:$Y,5,0) -> Lovebird | C6: =VLOOKUP(A6,'Cleaned data'!$A:$Y,10,0) -> Healthy | D6: =VLOOKUP(A6,'Cleaned data'!$A:$Y,10,0) -> Healthy | E6: =_xlfn.XLOOKUP(A6,'Cleaned data'!$A:$A,'Cleaned data'!$H:$H,"Not Found") -> 6.8 | H6: Total Healthy Pets | I6: =COUNTIF('Cleaned data'!J:J, "Healthy") -> 560 | J6: \\countif
A7: A0007 | B7: =VLOOKUP(A7,'Cleaned data'!$A:$Y,5,0) -> Mixed Breed | C7: =VLOOKUP(A7,'Cleaned data'!$A:$Y,10,0) -> Recovering | D7: =VLOOKUP(A7,'Cleaned data'!$A:$Y,10,0) -> Recovering | E7: =_xlfn.XLOOKUP(A7,'Cleaned data'!$A:$A,'Cleaned data'!$H:$H,"Not Found") -> 7.2 | H7: Total Adopted pets | I7: =COUNTIF('Cleaned data'!N:N, "Adopted") -> 459 | J7: \\sum
A8: A0008 | B8: =VLOOKUP(A8,'Cleaned data'!$A:$Y,5,0) -> Husky | C8: =VLOOKUP(A8,'Cleaned data'!$A:$Y,10,0) -> Recovering | D8: =VLOOKUP(A8,'Cleaned data'!$A:$Y,10,0) -> Recovering | E8: =_xlfn.XLOOKUP(A8,'Cleaned data'!$A:$A,'Cleaned data'!$H:$H,"Not Found") -> 10.5 | H8: Total Pets returned to Owners | I8: =COUNTIF('Cleaned data'!N:N, "Returned to Owner") -> 173 | J8: \\countif
A9: A0009 | B9: =VLOOKUP(A9,'Cleaned data'!$A:$Y,5,0) -> Bengal | C9: =VLOOKUP(A9,'Cleaned data'!$A:$Y,10,0) -> Healthy | D9: =VLOOKUP(A9,'Cleaned data'!$A:$Y,10,0) -> Healthy | E9: =_xlfn.XLOOKUP(A9,'Cleaned data'!$A:$A,'Cleaned data'!$H:$H,"Not Found") -> 11.4 | H9: Total Pets Adopted by Couples | I9: =COUNTIFS('Cleaned data'!P:P, "Couple", 'Cleaned data'!N:N,"Adopted") -> 101 | J9: \\countifs
A10: A0010 | B10: =VLOOKUP(A10,'Cleaned data'!$A:$Y,5,0) -> Domestic Shorthair | C10: =VLOOKUP(A10,'Cleaned data'!$A:$Y,10,0) -> Healthy | D10: =VLOOKUP(A10,'Cleaned data'!$A:$Y,10,0) -> Healthy | E10: =_xlfn.XLOOKUP(A10,'Cleaned data'!$A:$A,'Cleaned data'!$H:$H,"Not Found") -> 3.1 | H10: Total Pets Adopted in Lahore | I10: =COUNTIFS('Cleaned data'!C:C,"Lahore",'Cleaned data'!N:N, "Adopted") -> 71 | J10: \\countifs
A11: A0011 | B11: =VLOOKUP(A11,'Cleaned data'!$A:$Y,5,0) -> Holland Lop | C11: =VLOOKUP(A11,'Cleaned data'!$A:$Y,10,0) -> Recovering | D11: =VLOOKUP(A11,'Cleaned data'!$A:$Y,10,0) -> Recovering | E11: =_xlfn.XLOOKUP(A11,'Cleaned data'!$A:$A,'Cleaned data'!$H:$H,"Not Found") -> 8.1
A12: A0012 | B12: =VLOOKUP(A12,'Cleaned data'!$A:$Y,5,0) -> Dutch | C12: =VLOOKUP(A12,'Cleaned data'!$A:$Y,10,0) -> Vaccinated | D12: =VLOOKUP(A12,'Cleaned data'!$A:$Y,10,0) -> Vaccinated | E12: =_xlfn.XLOOKUP(A12,'Cleaned data'!$A:$A,'Cleaned data'!$H:$H,"Not Found") -> 4.9
A13: A0013 | B13: =VLOOKUP(A13,'Cleaned data'!$A:$Y,5,0) -> Domestic Shorthair | C13: =VLOOKUP(A13,'Cleaned data'!$A:$Y,10,0) -> Healthy | D13: =VLOOKUP(A13,'Cleaned data'!$A:$Y,10,0) -> Healthy | E13: =_xlfn.XLOOKUP(A13,'Cleaned data'!$A:$A,'Cleaned data'!$H:$H,"Not Found") -> 10.2
A14: A0014 | B14: =VLOOKUP(A14,'Cleaned data'!$A:$Y,5,0) -> Finch | C14: =VLOOKUP(A14,'Cleaned data'!$A:$Y,10,0) -> Healthy | D14: =VLOOKUP(A14,'Cleaned data'!$A:$Y,10,0) -> Healthy | E14: =_xlfn.XLOOKUP(A14,'Cleaned data'!$A:$A,'Cleaned data'!$H:$H,"Not Found") -> 2.7
A15: A0015 | B15: =VLOOKUP(A15,'Cleaned data'!$A:$Y,5,0) -> German Shepherd | C15: =VLOOKUP(A15,'Cleaned data'!$A:$Y,10,0) -> Minor Treatment Needed | D15: =VLOOKUP(A15,'Cleaned data'!$A:$Y,10,0) -> Minor Treatment Needed | E15: =_xlfn.XLOOKUP(A15,'Cleaned data'!$A:$A,'Cleaned data'!$H:$H,"Not Found") -> 1.5
A16: A0016 | B16: =VLOOKUP(A16,'Cleaned data'!$A:$Y,5,0) -> Mini Rex | C16: =VLOOKUP(A16,'Cleaned data'!$A:$Y,10,0) -> Healthy | D16: =VLOOKUP(A16,'Cleaned data'!$A:$Y,10,0) -> Healthy | E16: =_xlfn.XLOOKUP(A16,'Cleaned data'!$A:$A,'Cleaned data'!$H:$H,"Not Found") -> 3.9
A17: A0017 | B17: =VLOOKUP(A17,'Cleaned data'!$A:$Y,5,0) -> Flemish Giant | C17: =VLOOKUP(A17,'Cleaned data'!$A:$Y,10,0) -> Neutered/Spayed | D17: =VLOOKUP(A17,'Cleaned data'!$A:$Y,10,0) -> Neutered/Spayed | E17: =_xlfn.XLOOKUP(A17,'Cleaned data'!$A:$A,'Cleaned data'!$H:$H,"Not Found") -> 7.4
A18: A0018 | B18: =VLOOKUP(A18,'Cleaned data'!$A:$Y,5,0) -> Siamese | C18: =VLOOKUP(A18,'Cleaned data'!$A:$Y,10,0) -> Healthy | D18: =VLOOKUP(A18,'Cleaned data'!$A:$Y,10,0) -> Healthy | E18: =_xlfn.XLOOKUP(A18,'Cleaned data'!$A:$A,'Cleaned data'!$H:$H,"Not Found") -> 2.5
A19: A0019 | B19: =VLOOKUP(A19,'Cleaned data'!$A:$Y,5,0) -> Mini Rex | C19: =VLOOKUP(A19,'Cleaned data'!$A:$Y,10,0) -> Recovering | D19: =VLOOKUP(A19,'Cleaned data'!$A:$Y,10,0) -> Recovering | E19: =_xlfn.XLOOKUP(A19,'Cleaned data'!$A:$A,'Cleaned data'!$H:$H,"Not Found") -> 6.8

Sheet Pivot charts and tables
A1: Row Labels | B1: Count of Shelter_Name
A2: Faisalabad | B2: 143
A3: Islamabad | B3: 154
A4: Karachi | B4: 128
A5: Lahore | B5: 166
A6: Multan | B6: 164
A7: Peshawar | B7: 141
A8: Quetta | B8: 157
A9: Rawalpindi | B9: 147
A10: Grand Total | B10: 1200
A18: Row Labels | B18: Count of Breed
A19: Black | B19: 117
A20: Bird | B20: 12
A21: Cat | B21: 29
A22: Dog | B22: 58
A23: Rabbit | B23: 18
A24: Black & White | B24: 121
A25: Bird | B25: 15
A26: Cat | B26: 35
A27: Dog | B27: 56
A28: Rabbit | B28: 15
A29: Brown | B29: 129
A30: Bird | B30: 17
... A69: Grand Total | B69: 1200
A74: Row Labels | B74: Count of Adopter_Type
A75: Couple | B75: 101
A76: Family | B76: 94
A77: Individual | B77: 91
A78: N/A | B78: 741
A79: Senior | B79: 83
A80: Single Adult | B80: 90
A81: Grand Total | B81: 1200
A87: Row Labels | B87: Count of Payment_Method
A88: Bank Deposit | B88: 117
A89: Faisalabad | B89: 11
A90: Islamabad | B90: 15
A91: Karachi | B91: 9
A92: Lahore | B92: 14
A93: Multan | B93: 22
A94: Peshawar | B94: 14
A95: Quetta | B95: 17
A96: Rawalpindi | B96: 15
A97: Card | B97: 103
A98: Faisalabad | B98: 11
A99: Islamabad | B99: 10
... A133: Grand Total | B133: 1200
A135: Row Labels | B135: Count of Health_Status
A136: Healthy | B136: 560
A137: Bird | B137: 59
A138: Cat | B138: 156
A139: Dog | B139: 286
A140: Rabbit | B140: 59
A141: Minor Treatment Needed | B141: 172
A142: Bird | B142: 21
A143: Cat | B143: 48
A144: Dog | B144: 88
A145: Rabbit | B145: 15
A146: Neutered/Spayed | B146: 156
A147: Bird | B147: 18
... A161: Grand Total | B161: 1200
A165: Row Labels | B165: Sum of Adoption_Fee_PKR | C165: Sum of Donation_Amount_PKR
A166: Bank Deposit | B166: 500959 | C166: 127500
A167: Card | B167: 406581 | C167: 110000
A168: Cash | B168: 471532 | C168: 158500
A169: N/A | B169: 0 | C169: 110500
A170: Online Transfer | B170: 491763 | C170: 181000
A171: Grand Total | B171: 1870835 | C171: 687500

Sheet Dashboard
A1: PETS SHELTER PERFORMANCE ANALYSIS DASHBOARD
N9: 💰 TOTAL ADOPTION MONEY | Q9: 💰 TOTAL DONATION MONEY | T9: 📈 TOTAL HEALTHY PETS | W9: 📈 TOTAL ADOPTED PETS
N10: =SUM('Cleaned data'!Q:Q) -> 1870835 | Q10: =SUM('Cleaned data'!R:R) -> 687500 | T10: =COUNTIF('Cleaned data'!J:J, "Healthy") -> 560 | W10: =COUNTIF('Cleaned data'!N:N, "Adopted") -> 459
